set names utf8;
drop database if exists docflowtest;
create database docflowtest default character set utf8 collate utf8_unicode_ci;
use docflowtest;

create table users (
  id int(11) not null primary key auto_increment comment "автоінкрементний ідентифікатор користувача",
  AssocID int(11) comment "буде видалено",
  username varchar(255) not null comment "логін користувача",
  password varchar(255) null comment "пароль користувача",
  md5_password varchar(64) not null comment "md5-відбиток паролю",
  info varchar(255) null comment "ПІБ та посада",
  contacts varchar(255) null comment "контактні дані"
) engine=InnoDB comment "користувачі СЕД";

INSERT INTO `users` (`AssocID`, `username`, `password`, `md5_password`, `info`, `contacts`) VALUES
( 1, 'admin', NULL, md5('1'), 'Адміністратор системи', 'admin@znu.edu.ua'),
( 3, 'munspel', NULL, md5('1'), 'Адміністратор', 'it.znu.edu@gmail.com'),
( 8, 'lebedeva', NULL, md5('1'), 'Лебедєва Ольга Ігорівна', 'lyra24@ukr.net'),
( 9, 'chubas', NULL, md5('1'), 'Чубас Євгеній Вікторович, фахівець', '228 75 08, chubchik_ev@mail.ru'),
( 10, 'romanova', NULL, md5('1'), 'Романова Наталя Василівна', '228-75-08; 14-34'),
( 11, 'Мелентьєва Оксана', NULL, md5('1'), 'Мелентьєва Оксана, фахівець І категорії', 'Ksu221188@mail.ru'),
( 63335, 'testUser', NULL, md5('1'), 'TEST', 'немає: це тестові дані'),
( 63336, 'Shpak', NULL, md5('1'), 'Шпак Юлія Геннадіївна фахівець першої категорії підготовчого відділення', '2287530'),
( 63337, 'Zachartzova', NULL, md5('1'), 'Захарцова О. М., спеціаліст', '2287529'),
( 63338, 'fomenkovioletta', NULL, md5('1'), 'Фоменко В. А., Бухгалтер 1 категорії', ' (061)228-75-65'),
( 63339, 'javorska', NULL, md5('1'), 'Яворська Людмила Олексіївна (секретар-друкарка факультету менеджменту) ', '228-75-55'),
( 63340, 'ljakun', NULL, md5('1'), 'Лякун Вікторія Миколаївна (методист філологічного факультету)', '2287550'),
( 63341, 'Pudenkova', NULL, md5('1'), 'Пудєнкова Г. Ф., провідний фахівець відділу аудиту', '2894138'),
( 63342, 'kozlova', NULL, md5('1'), 'Козлова Олена Юріївна провідний інженер відділу охорони праці ', '228 75 42'),
( 63343, 'Makarova', NULL, md5('1'), 'Макарова Дар''я Юріївнапровідний інженер-програміст', 'dasha.makarova@list.ru, 228-75-12'),
( 63344, 'Vasilenko', NULL, md5('1'), 'Василенко Микола Васильович, методист підготовчого відділення', '2287530'),
( 63345, 'Knysh', NULL, md5('1'), 'Книш Тамара Іванівна провідний фахівець НДЧ', '228-75-63'),
( 63346, 'popovich', NULL, md5('1'), 'Попович Альона Леонідівна секретар-друкарка факультету журналістики', '2894111'),
( 63347, 'zhukova', NULL, md5('1'), 'Жукова Альбіна Олександрівна секретар-друкарка ФІФ', '228-75-58'),
( 63348, 'ostapenko', NULL, md5('1'), 'Остапенко Любов Ивановна, ведущий специалист ', '289-12-60'),
( 63349, 'yurist', NULL, md5('1'), 'юрист тетяна миколаївна - фахівець', '2894113'),
( 63350, 'primerova', NULL, md5('1'), 'Примерова Людмила Миколаївна  фахівець І-ої категорії ', '2287630'),
( 63351, 'Zelenskaya', NULL, md5('1'), 'Зеленська Єлизавета Володимирівна, фахівець', '2287518'),
( 63352, 'mogilat', NULL, md5('1'), 'Могилат Н. В., лаборант', '2891264'),
( 63353, 'shevchenko', NULL, md5('1'), 'Шевченко Руслана Костянтинівна  Провідний фахівець', '-'),
( 63354, 'ruban', NULL, md5('1'), 'Рубан Ольга Олександрівна, провідний фахівець', '289-41-43'),
( 63355, 'shtepa', NULL, md5('1'), 'Штепа Катерина Юріївна Секретар', '228 76 49'),
( 63356, 'Gorlina', NULL, md5('1'), 'Горліна Анна Анатоліївна, секретар друкарка деканату СПП', '62-71-61'),
( 63357, 'pohilenko_julia', NULL, md5('1'), 'Похиленко Юлія Олексіївна, фахівець ЕТВ', '228-75-05'),
( 63358, 'cherkyn', NULL, md5('1'), 'Черкун Яна Сергіївна секретар-друкарка деканату факультету соціології та управління', '228 75 80'),
( 63359, 'MinenkoYA', NULL, md5('1'), 'Міненко Яна Анатоліївна, секретар відділу з навчальної роботи', '228 75 46, 289 41 52'),
( 63360, 'rossokha', NULL, md5('1'), 'Россоха Марина Олександрівна юрисконсульт 2 категорії юридичного відділу ', '2287509'),
( 63361, 'bulychova ', NULL, md5('1'), 'Булычева Виктория Викторовна, начальник отдела ', '2287517'),
( 63362, 'minaeva-sv', NULL, md5('1'), 'Мінаєва Світлана В''ячеславівна, провідний фахівець', '289 12 11'),
( 63363, 'Tkachenko', NULL, md5('1'), 'Ткаченко Євген Володимирович, директор видавництва', 'Tkachenko'),
( 63364, 'petrosova', NULL, md5('1'), 'Петросова Варвара Петрівна, фахівець 1 категорії', '2287517'),
( 63365, 'Fomenko', NULL, md5('1'), 'Фоменко Олександра Олегівна, ст. лаборант лабораторії  нормотворчої діяльності та правозастосування ', '228-76-17'),
( 63366, 'Ognerubova', NULL, md5('1'), 'Огнєрубова Марія Валеріївна - секретар деканату історичного факультету', '0956040302'),
( 63369, 'kaffil', NULL, md5('1'), 'Гребінь Світлана Миколаївна', '228-75-68'),
( 63371, 'Pryimenko', NULL, md5('1'), 'Прийменко Ольга Юрьевна специалист ', 'intprograms@yandex.ru'),
( 63372, 'Rekunkova', NULL, md5('1'), 'Рекункова Мария Сергеевна секретарь математического факультета', 'Manynya7_90@mail.ru'),
( 63373, 'sherchkova', NULL, md5('1'), 'Щерчкова Ольга Олександрівна, секретар навчальної частини ', 'ole4k29@mail.ru'),
( 63374, 'Soboleva', NULL, md5('1'), 'Соболєва Наталія Миколаївна  секретар-друкарка деканату фізичного факультету', '228-75-91 fzf@znu.edu.ua'),
( 63375, 'Oleynik_Daria', NULL, md5('1'), 'Олійник Дар''я Валеріївна, фахівець II категорії ', 'oleynik.darya@gmail.com, т.2287532'),
( 63376, 'nazarenko', NULL, md5('1'), 'Назаренко Ксения Игоревна  Ведущий редактор Обласной академической газеты "Запорожский университет"', '228-78-33, ksenia-200989@ukr.net'),
( 63377, 'Vorontsova', NULL, md5('1'), 'Воронцова Наталія ВітіліївнаCекретар деканату біологічного факультету', '2891206; bf@znu.edu.ua'),
( 63378, 'samus', NULL, md5('1'), 'Самусь Галина Сергіївна, фахівець відділу моніторингу якості освіти і ліцензування', '2891299, vmol@znu.edu.ua'),
( 63379, 'vlasenko', NULL, md5('1'), 'Власенко Анастасія Сергіївна, провідний фахівець загального відділу', '289-75-10, nas160@znu.edu.ua'),
( 63380, 'vlasenko a.s.', NULL, md5('1'), 'Власенко Анастасія Сергіївна, провідний фахівець загального відділу', '289-75-10, nas160@znu.edu.ua'),
( 63381, 'yeromina', NULL, md5('1'), 'Єрьоміна Ірина Володимирівна, секретар деканату факультету фізичного виховання', '228-75-54'),
( 63382, 'voronova', NULL, md5('1'), 'Воронова Наталія Валентинівна, помiчник ректора з виховної роботи', '180270@ukr.net'),
( 63384, 'yanko', NULL, md5('1'), 'Янько Юлія Юріївна, директор центру культурно-масової роботи', '289-12-02'),
( 63385, 'bondar', NULL, md5('1'), 'Перший проректор Бондар О.Г.', '228-75-01'),
( 63386, 'antonenko', NULL, md5('1'), 'Антоненко Ірина Сергіївна, старша медична сестра', '228-75-87'),
( 63387, 'Kasian', NULL, md5('1'), 'фахівець 1 категорії', '2287604'),
( 63388, 'ovechko', NULL, md5('1'), 'Овечко Наталя Сергіївна начальник загального відділу', '228 75 14'),
( 63389, 'ligova', NULL, md5('1'), 'Лігова Анна Костянтинівна, інженер-програміст приймальної комісії', '764-67-53'),
( 63390, 'petrenko', NULL, md5('1'), 'Петренко Олександ Іванович, заступник директора СОК', '289-12-92'),
( 63391, 'kgh-znu', NULL, md5('1'), 'Гиря Ірина Іванівна, провідний бухгалтер КГХ', '228-75-84'),
( 63392, 'library', NULL, md5('1'), 'Чала Ніна Миколаївна', '+38 (061) 289-12-25'),
( 63393, 'gmykytiv', NULL, md5('1'), 'Микитів Галина Володимирівна, в.о. помічника ректора зі зв''язків з громадськістю та ЗМІ', '289-12-80'),
( 63394, 'plyuta', NULL, md5('1'), 'Завідувач лабораторії Плюта Наталія Вікторівна', '(061)-289-41-09'),
( 63395, 'tkznu', NULL, md5('1'), 'Носкова Єлізавета Михайлівна, секретар директора', '62-71-13'),
( 63396, 'alex_inform', NULL, md5('1'), 'Пономарьов Олександр Олексійович', '289-12-13'),
( 63398, 'kushnir', NULL, md5('1'), 'Проректор з АГР Кушнір Сергій Миколайович  ', '228-75-05, 14-70'),
( 63399, 'rusudan', NULL, md5('1'), 'Махачашвілі Русудан Кирилевна', '289-12-86'),
( 63400, 'shevchenkofiz', NULL, md5('1'), '-', '-'),
( 63401, 'dobrovolsky', NULL, md5('1'), 'Добровольський Геннадій Анатолійович провідний інженер-програміст', 'gen@znu.edu.ua'),
( 63402, 'fishua', NULL, md5('1'), 'Савченко Тетяна Володимирівна Інженер І категорії', 'fishuamusic@gmail.com'),
( 63403, 'zv_ovechko', NULL, md5('1'), 'Овечко Наталя Сергіївна', '-'),
( 63404, 'zv_romanova', NULL, md5('1'), 'Романова Наталя Василівна', '228 75 08'),
( 63405, 'zv_vasyljeva', NULL, md5('1'), 'Васильєва Світлана Анатоліївна', '-'),
( 63406, 'zv_lebedeva', NULL, md5('1'), 'Лебедєва Ольга Ігорівна', '-'),
( 63407, 'eng_translate', NULL, md5('1'), 'Погонець Вікторія Вікторівна, старший лаборант', '289-12-86'),
( 63408, 'eng_philology', NULL, md5('1'), 'Маковська Анна Сергіївна, старший лаборант', '289-12-84'),
( 63409, 'dpt_roman', NULL, md5('1'), 'Радіонова Катерина Сергіївна, старший лаборант', '289-12-56'),
( 63410, 'dpt_foreign', NULL, md5('1'), 'Дідусь Юлія Володимирівна, старший лаборант', '289-12-49'),
( 63411, 'dpt_german', NULL, md5('1'), 'Ільїна Ольга Володимирівна, старший лаборант', '289-12-17'),
( 63412, 'dpt_prof', NULL, md5('1'), 'Тонкашова Ірина Юріївна, старший лаборант', '289-12-69'),
( 63413, 'lomova', NULL, md5('1'), 'Ломова Г. С.', '289-12-58'),
( 63414, 'movchan', NULL, md5('1'), 'Мовчан Євген Сергійович', '289-12-74'),
( 63415, 'duhonchenko', NULL, md5('1'), 'Духонченко Ганна Іванівна', '-'),
( 63416, 'nikopol', NULL, md5('1'), 'Кулитка Татьяна Николаевна', '0566222128'),
( 63417, 'kfznu', NULL, md5('1'), 'Шамрін Руслан Володимирович', 'kfznu@mail.ru'),
( 63418, 'crimea_dept', NULL, md5('1'), 'Ботов Тимур Олегович', '0994340956'),
( 63419, 'tsu', NULL, md5('1'), 'Пономарьов Олександр Олексійович', '-289-12-13'),
( 63421, 'volkov_vp', NULL, md5('1'), 'Волков В.П., проректор з науково-педагогічної роботи', ''),
( 63422, 'aristova', NULL, md5('1'), 'Арістова О.В., заступник головного бухгалтера відділу бухгалтерського обліку, фінансової та бюджетної звітності', ''),
( 63423, 'gomenyuk', NULL, md5('1'), 'Гоменюк С.І., декан математичного факультету', ''),
( 63424, 'grozovska', NULL, md5('1'), 'Грозовська H.A., проректор з науково-педагогічної та навчальної роботи', ''),
( 63425, 'kirichenko', NULL, md5('1'), 'Кириченко Н.В., провідний фахівець бюро з інформаційного забезпечення навчального процесу відділу з навчальної роботи', ''),
( 63426, 'clopov-r', NULL, md5('1'), 'Клопов Р.В., завідувач кафедри спортивних ігор, (заступник голови)', ''),
( 63427, 'matskevich', NULL, md5('1'), 'Мацкевич Ю.Р. доцент кафедри соціальної педагогіки', ''),
( 63428, 'nesterenko', NULL, md5('1'), 'Нестеренко Л.O., керівник відділу з навчальної роботи', ''),
( 63429, 'esp', NULL, md5('1'), 'Пшенична О.С., доцент кафедри інформаційних технологій', ''),
( 63430, 'salatska', NULL, md5('1'), 'Салацька Н.М., методист вищої категорії відділу з навчальної роботи, секретар робочої групи', ''),
( 63433, 'ira_andr', NULL, md5('1'), 'Андрєєвна Ірина Олександрівна', 'ira_andr@ukr.net'),
( 63434, 'tvz_99', NULL, md5('1'), 'Заховалко Тетяна Вікторівна', 'tvz_99@mail.ru'),
( 63435, 'avallon05', NULL, md5('1'), 'Сучков Артем Вадимович', 'avallon05@mail.ru'),
( 63436, 'sereda.angela', NULL, md5('1'), 'Середа Анжела Миколаївна', 'sereda.angela@mail.ru'),
( 63437, 'julija2000', NULL, md5('1'), 'Мальована Юлія Генадіївна', 'julija2000@rambler.ru'),
( 63438, 'Abanina_nadiya', NULL, md5('1'), 'Абаніна Надія Сергіївна', 'Abanina_nadiya@ukr.net'),
( 63439, 'o_malinovska', NULL, md5('1'), 'Маліновська Ольга Станіславівна', 'o_malinovska@mail.ru'),
( 63440, '645866', NULL, md5('1'), 'Чаусовський Григорій Олександрович', '645866@rambler.ru'),
( 63441, 'egfznu', NULL, md5('1'), '?', '0985924869, egfznu@mail.ru'),
( 63442, 'lena', NULL, md5('1'), 'Єфіменкова Олена Петрівна, провідний фахівець', '228-76-30'),
( 63444, 'test1', NULL, md5('1'), 'Тестовий користувач 1', '-'),
( 63445, 'test2', NULL, md5('1'), 'Тестовий користувач 2', '-'),
( 63446, 'bsu', NULL, md5('1'), 'Борю Сергій Юрійович', 'bsu@znu.edu.ua'),
( 63447, 'audit', NULL, md5('1'), 'Чистякова Наталія Яковлівна', '-'),
( 63448, 'eromina', NULL, md5('1'), 'Єрьоміна Ірина Володимирівна, секретар деканату факультету фізичного виховання', '228-75-54'),
( 63449, 'studrada', NULL, md5('1'), 'Лебедєва Ольга Юріївна, голова студентської ради ', '289-12-67'),
( 63450, 'peshkova', NULL, md5('1'), 'Пєшкова Оксана Юріївна', '228-75-54'),
( 63451, 'tashechka', NULL, md5('1'), 'Виговська Наталія Анатоліївна, завідувач навчальної лабораторії', 'tashechka@gmail.com'),
( 63452, 'sinepolsky', NULL, md5('1'), 'Синєпольський Ігор Володимирович, інженер-програміст групи розробки програмних засобів', '289-41-09'),
( 63453, 'zinchenko-vv', NULL, md5('1'), 'Зінченко Вікторія Василівна, фахівець 1 категорії', '289 12 11'),
( 63454, 'bulychova_v_v', NULL, md5('1'), 'Буличова Вікторія Вікторівна', '---'),
( 63455, 'zv_bulychova_v_v', NULL, md5('1'), 'Буличова Вікторія Вікторівна', '---');


create table roles (
  name varchar(64) not null primary key comment "назва ролі або можливості",
  `type` INT(11) comment "тип ролі",
  description TEXT comment "опис ролі",
  bizrule TEXT null comment "службове поле модуля srbac",
  `data` TEXT null comment "службове поле модуля srbac"
) engine=InnoDB comment "права і ролі користувачів СЕД";

insert into roles (name,`type`,description,bizrule,`data`)
values
 ('Root',2,"",NULL,'s:0:"";'),
 ('DocsGeneral',2,"",NULL,'s:0:"";'),
 ('DocsExtended',2,"",NULL,'s:0:"";'),
 ('DocsAdmin',2,"",NULL,'s:0:"";'),
 ('FlowsGeneral',2,"",NULL,'s:0:"";'),
 ('FlowsAdmin',2,"",NULL,'s:0:"";'),
 ('EventsGeneral',2,"",NULL,'s:0:"";'),
 ('EventsAdmin',2,"",NULL,'s:0:"";'),
 ('DocTypesAdmin',2,"",NULL,'s:0:"";'),
 ('DocCategoriesAdmin',2,"",NULL,'s:0:"";'),
 ('FlowPeriodsAdmin',2,"",NULL,'s:0:"";'),
 ('EventKindsAdmin',2,"",NULL,'s:0:"";'),
 ('EventLevelsAdmin',2,"",NULL,'s:0:"";'),
 ('FilesAdmin',2,"",NULL,'s:0:"";'),
 ('AnswersAdmin',2,"",NULL,'s:0:"";'),
 ('DepartmentsAdmin',2,"",NULL,'s:0:"";'),
 ('DeptGroupsAdmin',2,"",NULL,'s:0:"";'),
 ('UsersAdmin',2,"",NULL,'s:0:"";'),
 ('_DocsGeneral',1,'Створення документів, читання лише власних і вхідних, редагування лише власних, прикріплені файли можна лише приховати, не можна назначати тип і категорію документа',NULL,'s:0:"";'),
 ('_DocsExtended',1,'Читання/створення/редагування власних і вхідних документів, не можна змінювати власників документа і прикріплених файлів, прикріплені файли не можна видаляти',NULL,'s:0:"";'),
 ('_DocsAdmin',1,'Читання/створення/редагування/видалення усіх атрибутів документів',NULL,'s:0:"";'),
 ('_FlowsGeneral',1,'Створення розсилок документів або подій, читання лише власних і вхідних, редагування і видалення лише власних, створення відповіді',NULL,'s:0:"";'),
 ('_FlowsAdmin',1,'Читання/створення/редагування/видалення усіх атрибутів розсилок документів або подій',NULL,'s:0:"";'),
 ('_EventsGeneral',1,'Є можливість створювати і адмініструвати події (лише власні) без можливості видалення',NULL,'s:0:"";'),
 ('_EventsAdmin',1,'Читання/створення/редагування/видалення усіх атрибутів подій',NULL,'s:0:"";'),
 ('_DocTypesAdmin',1,'Читання/створення/редагування/видалення усіх атрибутів типів документів',NULL,'s:0:"";'),
 ('_DocCategoriesAdmin',1,'Читання/створення/редагування/видалення усіх атрибутів категорій документів',NULL,'s:0:"";'),
 ('_FlowPeriodsAdmin',1,'Читання/створення/редагування/видалення усіх атрибутів форм періодичності розсилок',NULL,'s:0:"";'),
 ('_EventKindsAdmin',1,'Читання/створення/редагування/видалення усіх атрибутів видів подій',NULL,'s:0:"";'),
 ('_EventLevelsAdmin',1,'Читання/створення/редагування/видалення усіх атрибутів рівнів подій',NULL,'s:0:"";'),
 ('_FilesAdmin',1,'Читання/створення/редагування/видалення усіх атрибутів файлів',NULL,'s:0:"";'),
 ('_AnswersAdmin',1,'Читання/створення/редагування/видалення усіх атрибутів відповідей на розсилки',NULL,'s:0:"";'),
 ('_DepartmentsAdmin',1,'Читання/створення/редагування/видалення усіх атрибутів підрозділів або респондентів',NULL,'s:0:"";'),
 ('_DeptGroupsAdmin',1,'Читання/створення/редагування/видалення усіх атрибутів груп підрозділів або респондентів',NULL,'s:0:"";'),
 ('_UsersAdmin',1,'Читання/створення/редагування/видалення усіх атрибутів користувачів, у тому числі їхні групи і права',NULL,'s:0:"";');


create table rolechildren (
  parent varchar(64) not null comment "назва батьківської ролі або можливості",
  child varchar(64) not null comment "назва дочірньої ролі або можливості",
  primary key(parent,child)
) engine=InnoDB comment "відношення між правами і ролями користувачів СЕД";

insert into rolechildren (parent,child)
values
  ('DocsGeneral','_DocsGeneral'),
  ('DocsExtended','_DocsExtended'),
  ('DocsAdmin','_DocsAdmin'),
  ('FlowsGeneral','_FlowsGeneral'),
  ('FlowsAdmin','_FlowsAdmin'),
  ('EventsGeneral','_EventsGeneral'),
  ('EventsAdmin','_EventsAdmin'),
  ('DocTypesAdmin','_DocTypesAdmin'),
  ('DocCategoriesAdmin','_DocCategoriesAdmin'),
  ('FlowPeriodsAdmin','_FlowPeriodsAdmin'),
  ('EventKindsAdmin','_EventKindsAdmin'),
  ('EventLevelsAdmin','_EventLevelsAdmin'),
  ('FilesAdmin','_FilesAdmin'),
  ('AnswersAdmin','_AnswersAdmin'),
  ('DepartmentsAdmin','_DepartmentsAdmin'),
  ('DeptGroupsAdmin','_DeptGroupsAdmin'),
  ('UsersAdmin','_UsersAdmin'),
  
  ('Root','_DocsGeneral'),
  ('Root','_DocsExtended'),
  ('Root','_DocsAdmin'),
  ('Root','_FlowsGeneral'),
  ('Root','_FlowsAdmin'),
  ('Root','_EventsGeneral'),
  ('Root','_EventsAdmin'),
  ('Root','_DocTypesAdmin'),
  ('Root','_DocCategoriesAdmin'),
  ('Root','_FlowPeriodsAdmin'),
  ('Root','_EventKindsAdmin'),
  ('Root','_EventLevelsAdmin'),
  ('Root','_FilesAdmin'),
  ('Root','_AnswersAdmin'),
  ('Root','_DepartmentsAdmin'),
  ('Root','_DeptGroupsAdmin'),
  ('Root','_UsersAdmin');

create table roleassignments (
  itemname varchar(64) not null comment "назва ролі або можливості",
  userid int(11) not null comment "ідентифікатор користувача",
  bizrule TEXT null comment "службове поле модуля srbac",
  `data` TEXT null comment "службове поле модуля srbac",
  primary key(itemname,userid)
) engine=InnoDB comment "присвоєння ролей та прав користувачам СЕД";

INSERT INTO `roleassignments` (`itemname`, `userid`, `bizrule`, `data`) VALUES
('DocCategoriesAdmin', 2, '', 's:0:"";'),
('DocCategoriesAdmin', 3, '', 's:0:"";'),
('DocCategoriesAdmin', 4, '', 's:0:"";'),
('DocCategoriesAdmin', 5, '', 's:0:"";'),
('DocCategoriesAdmin', 6, '', 's:0:"";'),
('DocCategoriesAdmin', 7, '', 's:0:"";'),
('DocCategoriesAdmin', 56, '', 's:0:"";'),
('DocCategoriesAdmin', 70, '', 's:0:"";'),
('DocCategoriesAdmin', 71, '', 's:0:"";'),
('DocCategoriesAdmin', 72, '', 's:0:"";'),
('DocCategoriesAdmin', 73, '', 's:0:"";'),
('DocsExtended', 2, '', 's:0:"";'),
('DocsExtended', 3, '', 's:0:"";'),
('DocsExtended', 4, '', 's:0:"";'),
('DocsExtended', 5, '', 's:0:"";'),
('DocsExtended', 6, '', 's:0:"";'),
('DocsExtended', 7, '', 's:0:"";'),
('DocsExtended', 56, '', 's:0:"";'),
('DocsExtended', 70, '', 's:0:"";'),
('DocsExtended', 71, '', 's:0:"";'),
('DocsExtended', 72, '', 's:0:"";'),
('DocsExtended', 73, '', 's:0:"";'),
('DocsGeneral', 1, '', 's:0:"";'),
('DocsGeneral', 2, '', 's:0:"";'),
('DocsGeneral', 3, '', 's:0:"";'),
('DocsGeneral', 4, '', 's:0:"";'),
('DocsGeneral', 5, '', 's:0:"";'),
('DocsGeneral', 6, '', 's:0:"";'),
('DocsGeneral', 7, '', 's:0:"";'),
('DocsGeneral', 8, '', 's:0:"";'),
('DocsGeneral', 9, '', 's:0:"";'),
('DocsGeneral', 10, '', 's:0:"";'),
('DocsGeneral', 11, '', 's:0:"";'),
('DocsGeneral', 12, '', 's:0:"";'),
('DocsGeneral', 13, '', 's:0:"";'),
('DocsGeneral', 14, '', 's:0:"";'),
('DocsGeneral', 15, '', 's:0:"";'),
('DocsGeneral', 16, '', 's:0:"";'),
('DocsGeneral', 17, '', 's:0:"";'),
('DocsGeneral', 18, '', 's:0:"";'),
('DocsGeneral', 19, '', 's:0:"";'),
('DocsGeneral', 20, '', 's:0:"";'),
('DocsGeneral', 21, '', 's:0:"";'),
('DocsGeneral', 22, '', 's:0:"";'),
('DocsGeneral', 23, '', 's:0:"";'),
('DocsGeneral', 24, '', 's:0:"";'),
('DocsGeneral', 25, '', 's:0:"";'),
('DocsGeneral', 26, '', 's:0:"";'),
('DocsGeneral', 27, '', 's:0:"";'),
('DocsGeneral', 28, '', 's:0:"";'),
('DocsGeneral', 29, '', 's:0:"";'),
('DocsGeneral', 30, '', 's:0:"";'),
('DocsGeneral', 31, '', 's:0:"";'),
('DocsGeneral', 32, '', 's:0:"";'),
('DocsGeneral', 33, '', 's:0:"";'),
('DocsGeneral', 34, '', 's:0:"";'),
('DocsGeneral', 35, '', 's:0:"";'),
('DocsGeneral', 36, '', 's:0:"";'),
('DocsGeneral', 37, '', 's:0:"";'),
('DocsGeneral', 38, '', 's:0:"";'),
('DocsGeneral', 39, '', 's:0:"";'),
('DocsGeneral', 40, '', 's:0:"";'),
('DocsGeneral', 41, '', 's:0:"";'),
('DocsGeneral', 42, '', 's:0:"";'),
('DocsGeneral', 43, '', 's:0:"";'),
('DocsGeneral', 44, '', 's:0:"";'),
('DocsGeneral', 45, '', 's:0:"";'),
('DocsGeneral', 46, '', 's:0:"";'),
('DocsGeneral', 47, '', 's:0:"";'),
('DocsGeneral', 48, '', 's:0:"";'),
('DocsGeneral', 49, '', 's:0:"";'),
('DocsGeneral', 50, '', 's:0:"";'),
('DocsGeneral', 51, '', 's:0:"";'),
('DocsGeneral', 52, '', 's:0:"";'),
('DocsGeneral', 53, '', 's:0:"";'),
('DocsGeneral', 54, '', 's:0:"";'),
('DocsGeneral', 55, '', 's:0:"";'),
('DocsGeneral', 56, '', 's:0:"";'),
('DocsGeneral', 57, '', 's:0:"";'),
('DocsGeneral', 58, '', 's:0:"";'),
('DocsGeneral', 59, '', 's:0:"";'),
('DocsGeneral', 60, '', 's:0:"";'),
('DocsGeneral', 61, '', 's:0:"";'),
('DocsGeneral', 62, '', 's:0:"";'),
('DocsGeneral', 63, '', 's:0:"";'),
('DocsGeneral', 64, '', 's:0:"";'),
('DocsGeneral', 65, '', 's:0:"";'),
('DocsGeneral', 66, '', 's:0:"";'),
('DocsGeneral', 67, '', 's:0:"";'),
('DocsGeneral', 68, '', 's:0:"";'),
('DocsGeneral', 69, '', 's:0:"";'),
('DocsGeneral', 70, '', 's:0:"";'),
('DocsGeneral', 71, '', 's:0:"";'),
('DocsGeneral', 72, '', 's:0:"";'),
('DocsGeneral', 73, '', 's:0:"";'),
('DocsGeneral', 74, '', 's:0:"";'),
('DocsGeneral', 75, '', 's:0:"";'),
('DocsGeneral', 76, '', 's:0:"";'),
('DocsGeneral', 77, '', 's:0:"";'),
('DocsGeneral', 78, '', 's:0:"";'),
('DocsGeneral', 79, '', 's:0:"";'),
('DocsGeneral', 80, '', 's:0:"";'),
('DocsGeneral', 81, '', 's:0:"";'),
('DocsGeneral', 82, '', 's:0:"";'),
('DocsGeneral', 83, '', 's:0:"";'),
('DocsGeneral', 84, '', 's:0:"";'),
('DocsGeneral', 85, '', 's:0:"";'),
('DocsGeneral', 86, '', 's:0:"";'),
('DocsGeneral', 87, '', 's:0:"";'),
('DocsGeneral', 88, '', 's:0:"";'),
('DocsGeneral', 89, '', 's:0:"";'),
('DocsGeneral', 90, '', 's:0:"";'),
('DocsGeneral', 91, '', 's:0:"";'),
('DocsGeneral', 92, '', 's:0:"";'),
('DocsGeneral', 93, '', 's:0:"";'),
('DocsGeneral', 94, '', 's:0:"";'),
('DocsGeneral', 95, '', 's:0:"";'),
('DocsGeneral', 96, '', 's:0:"";'),
('DocsGeneral', 97, '', 's:0:"";'),
('DocsGeneral', 98, '', 's:0:"";'),
('DocsGeneral', 99, '', 's:0:"";'),
('DocsGeneral', 100, '', 's:0:"";'),
('DocsGeneral', 101, '', 's:0:"";'),
('DocsGeneral', 102, '', 's:0:"";'),
('DocsGeneral', 103, '', 's:0:"";'),
('DocsGeneral', 104, '', 's:0:"";'),
('DocsGeneral', 105, '', 's:0:"";'),
('DocsGeneral', 106, '', 's:0:"";'),
('DocsGeneral', 107, '', 's:0:"";'),
('DocsGeneral', 108, '', 's:0:"";'),
('DocsGeneral', 109, '', 's:0:"";'),
('DocsGeneral', 110, '', 's:0:"";'),
('DocsGeneral', 111, '', 's:0:"";'),
('DocsGeneral', 112, '', 's:0:"";'),
('DocsGeneral', 113, '', 's:0:"";'),
('DocsGeneral', 114, '', 's:0:"";'),
('DocsGeneral', 115, NULL, NULL),
('DocsGeneral', 116, '', 's:0:"";'),
('DocsGeneral', 117, '', 's:0:"";'),
('DocsGeneral', 118, '', 's:0:"";'),
('DocTypesAdmin', 2, '', 's:0:"";'),
('DocTypesAdmin', 3, '', 's:0:"";'),
('DocTypesAdmin', 4, '', 's:0:"";'),
('DocTypesAdmin', 5, '', 's:0:"";'),
('DocTypesAdmin', 6, '', 's:0:"";'),
('DocTypesAdmin', 7, '', 's:0:"";'),
('DocTypesAdmin', 56, '', 's:0:"";'),
('DocTypesAdmin', 70, '', 's:0:"";'),
('DocTypesAdmin', 71, '', 's:0:"";'),
('DocTypesAdmin', 72, '', 's:0:"";'),
('DocTypesAdmin', 73, '', 's:0:"";'),
('EventsAdmin', 2, '', 's:0:"";'),
('EventsAdmin', 34, '', 's:0:"";'),
('EventsAdmin', 51, '', 's:0:"";'),
('EventsAdmin', 52, '', 's:0:"";'),
('EventsAdmin', 115, NULL, NULL),
('EventsAdmin', 116, '', 's:0:"";'),
('EventsGeneral', 2, '', 's:0:"";'),
('EventsGeneral', 15, '', 's:0:"";'),
('EventsGeneral', 17, '', 's:0:"";'),
('EventsGeneral', 33, '', 's:0:"";'),
('EventsGeneral', 34, '', 's:0:"";'),
('EventsGeneral', 40, '', 's:0:"";'),
('EventsGeneral', 44, '', 's:0:"";'),
('EventsGeneral', 51, '', 's:0:"";'),
('EventsGeneral', 52, '', 's:0:"";'),
('EventsGeneral', 58, '', 's:0:"";'),
('EventsGeneral', 107, '', 's:0:"";'),
('EventsGeneral', 108, '', 's:0:"";'),
('EventsGeneral', 112, '', 's:0:"";'),
('EventsGeneral', 115, NULL, NULL),
('EventsGeneral', 116, '', 's:0:"";'),
('FlowsGeneral', 1, '', 's:0:"";'),
('FlowsGeneral', 2, '', 's:0:"";'),
('FlowsGeneral', 3, '', 's:0:"";'),
('FlowsGeneral', 4, '', 's:0:"";'),
('FlowsGeneral', 5, '', 's:0:"";'),
('FlowsGeneral', 6, '', 's:0:"";'),
('FlowsGeneral', 7, '', 's:0:"";'),
('FlowsGeneral', 8, '', 's:0:"";'),
('FlowsGeneral', 9, '', 's:0:"";'),
('FlowsGeneral', 10, '', 's:0:"";'),
('FlowsGeneral', 11, '', 's:0:"";'),
('FlowsGeneral', 12, '', 's:0:"";'),
('FlowsGeneral', 13, '', 's:0:"";'),
('FlowsGeneral', 14, '', 's:0:"";'),
('FlowsGeneral', 15, '', 's:0:"";'),
('FlowsGeneral', 16, '', 's:0:"";'),
('FlowsGeneral', 17, '', 's:0:"";'),
('FlowsGeneral', 18, '', 's:0:"";'),
('FlowsGeneral', 19, '', 's:0:"";'),
('FlowsGeneral', 20, '', 's:0:"";'),
('FlowsGeneral', 21, '', 's:0:"";'),
('FlowsGeneral', 22, '', 's:0:"";'),
('FlowsGeneral', 23, '', 's:0:"";'),
('FlowsGeneral', 24, '', 's:0:"";'),
('FlowsGeneral', 25, '', 's:0:"";'),
('FlowsGeneral', 26, '', 's:0:"";'),
('FlowsGeneral', 27, '', 's:0:"";'),
('FlowsGeneral', 28, '', 's:0:"";'),
('FlowsGeneral', 29, '', 's:0:"";'),
('FlowsGeneral', 30, '', 's:0:"";'),
('FlowsGeneral', 31, '', 's:0:"";'),
('FlowsGeneral', 32, '', 's:0:"";'),
('FlowsGeneral', 33, '', 's:0:"";'),
('FlowsGeneral', 34, '', 's:0:"";'),
('FlowsGeneral', 35, '', 's:0:"";'),
('FlowsGeneral', 36, '', 's:0:"";'),
('FlowsGeneral', 37, '', 's:0:"";'),
('FlowsGeneral', 38, '', 's:0:"";'),
('FlowsGeneral', 39, '', 's:0:"";'),
('FlowsGeneral', 40, '', 's:0:"";'),
('FlowsGeneral', 41, '', 's:0:"";'),
('FlowsGeneral', 42, '', 's:0:"";'),
('FlowsGeneral', 43, '', 's:0:"";'),
('FlowsGeneral', 44, '', 's:0:"";'),
('FlowsGeneral', 45, '', 's:0:"";'),
('FlowsGeneral', 46, '', 's:0:"";'),
('FlowsGeneral', 47, '', 's:0:"";'),
('FlowsGeneral', 48, '', 's:0:"";'),
('FlowsGeneral', 49, '', 's:0:"";'),
('FlowsGeneral', 50, '', 's:0:"";'),
('FlowsGeneral', 51, '', 's:0:"";'),
('FlowsGeneral', 52, '', 's:0:"";'),
('FlowsGeneral', 53, '', 's:0:"";'),
('FlowsGeneral', 54, '', 's:0:"";'),
('FlowsGeneral', 55, '', 's:0:"";'),
('FlowsGeneral', 56, '', 's:0:"";'),
('FlowsGeneral', 57, '', 's:0:"";'),
('FlowsGeneral', 58, '', 's:0:"";'),
('FlowsGeneral', 59, '', 's:0:"";'),
('FlowsGeneral', 60, '', 's:0:"";'),
('FlowsGeneral', 61, '', 's:0:"";'),
('FlowsGeneral', 62, '', 's:0:"";'),
('FlowsGeneral', 63, '', 's:0:"";'),
('FlowsGeneral', 64, '', 's:0:"";'),
('FlowsGeneral', 65, '', 's:0:"";'),
('FlowsGeneral', 66, '', 's:0:"";'),
('FlowsGeneral', 67, '', 's:0:"";'),
('FlowsGeneral', 68, '', 's:0:"";'),
('FlowsGeneral', 69, '', 's:0:"";'),
('FlowsGeneral', 70, '', 's:0:"";'),
('FlowsGeneral', 71, '', 's:0:"";'),
('FlowsGeneral', 72, '', 's:0:"";'),
('FlowsGeneral', 73, '', 's:0:"";'),
('FlowsGeneral', 74, '', 's:0:"";'),
('FlowsGeneral', 75, '', 's:0:"";'),
('FlowsGeneral', 76, '', 's:0:"";'),
('FlowsGeneral', 77, '', 's:0:"";'),
('FlowsGeneral', 78, '', 's:0:"";'),
('FlowsGeneral', 79, '', 's:0:"";'),
('FlowsGeneral', 80, '', 's:0:"";'),
('FlowsGeneral', 81, '', 's:0:"";'),
('FlowsGeneral', 82, '', 's:0:"";'),
('FlowsGeneral', 83, '', 's:0:"";'),
('FlowsGeneral', 84, '', 's:0:"";'),
('FlowsGeneral', 85, '', 's:0:"";'),
('FlowsGeneral', 86, '', 's:0:"";'),
('FlowsGeneral', 87, '', 's:0:"";'),
('FlowsGeneral', 88, '', 's:0:"";'),
('FlowsGeneral', 89, '', 's:0:"";'),
('FlowsGeneral', 90, '', 's:0:"";'),
('FlowsGeneral', 91, '', 's:0:"";'),
('FlowsGeneral', 92, '', 's:0:"";'),
('FlowsGeneral', 93, '', 's:0:"";'),
('FlowsGeneral', 94, '', 's:0:"";'),
('FlowsGeneral', 95, '', 's:0:"";'),
('FlowsGeneral', 96, '', 's:0:"";'),
('FlowsGeneral', 97, '', 's:0:"";'),
('FlowsGeneral', 98, '', 's:0:"";'),
('FlowsGeneral', 99, '', 's:0:"";'),
('FlowsGeneral', 100, '', 's:0:"";'),
('FlowsGeneral', 101, '', 's:0:"";'),
('FlowsGeneral', 102, '', 's:0:"";'),
('FlowsGeneral', 103, '', 's:0:"";'),
('FlowsGeneral', 104, '', 's:0:"";'),
('FlowsGeneral', 105, '', 's:0:"";'),
('FlowsGeneral', 106, '', 's:0:"";'),
('FlowsGeneral', 107, '', 's:0:"";'),
('FlowsGeneral', 108, '', 's:0:"";'),
('FlowsGeneral', 109, '', 's:0:"";'),
('FlowsGeneral', 110, '', 's:0:"";'),
('FlowsGeneral', 111, '', 's:0:"";'),
('FlowsGeneral', 112, '', 's:0:"";'),
('FlowsGeneral', 113, '', 's:0:"";'),
('FlowsGeneral', 114, '', 's:0:"";'),
('FlowsGeneral', 115, NULL, NULL),
('FlowsGeneral', 116, '', 's:0:"";'),
('FlowsGeneral', 117, '', 's:0:"";'),
('FlowsGeneral', 118, '', 's:0:"";'),
('Root', 2, '', 's:0:"";');


create table departments (
  idDepartment int(11) not null primary key auto_increment comment "автоінкрементний ідентифікатор підрозділу або окремого респондента",
  DepartmentName varchar(255) not null comment "назва підрозділу",
  Hidden int(1) null comment "прихований ?"
) engine=InnoDB comment "підрозділи або окремі респонденти";

INSERT INTO `departments` (`idDepartment`, `DepartmentName`, `Hidden`) VALUES
(1, 'Учасник документообігу', NULL),
(46, 'Загальний відділ', NULL),
(47, 'Перший проректор', NULL),
(48, 'Проректор з науково-педагогічної та навчальної роботи', NULL),
(49, 'Проректор з науково-педагогічної роботи', NULL),
(50, 'Проректор з наукової роботи', NULL),
(51, 'Адміністративно-господарська частина', NULL),
(52, 'Помічник ректора (Воронова Н. В.)', NULL),
(53, 'Помічник ректора (Наливайко І. І.)', NULL),
(54, 'Помічник ректора (Секиринський Д. О.)', NULL),
(55, 'Відділ кадрів', NULL),
(56, 'Вчена рада', NULL),
(57, 'Відділ організаційної роботи, контролю і режиму', NULL),
(58, 'Відділ бухгалтерського обліку, фінансової та бюджетної звітності', NULL),
(59, 'Відділ аудиту', NULL),
(60, 'Біостанція-профілакторій', NULL),
(61, 'Студентське містечко', NULL),
(62, 'Спортивно-оздоровчий комплекс', NULL),
(63, 'Студентський спортивно-оздоровчий табір "Славутич"', NULL),
(64, 'Комбінат громадського харчування', NULL),
(65, 'Лабораторія енергоефективності та енергозбереження', NULL),
(66, 'Науково-дослідна частина', NULL),
(67, 'Центр післядипломної освіти', NULL),
(68, 'Центр бізнес-освіти', NULL),
(69, 'Центр вивчення іноземних мов', NULL),
(70, 'Центр вивчення німецької мови при Гете-інституті', NULL),
(71, 'Відділ доуніверситетської підготовки, профорієнтації та працевлаштування', NULL),
(72, 'Профспілковий комітет', NULL),
(73, 'Центр культури', NULL),
(74, 'Відділ виховної роботи', NULL),
(75, 'Лабораторія ІС та КТ', NULL),
(76, 'Відділ міжнародних зв''язків та роботи з іноземними студентами', NULL),
(77, 'Відділ аспірантури і докторантури', NULL),
(78, 'Штаб ЦЗ', NULL),
(79, 'Лабораторія ремонту і повірки технічних засобів навчання, приладів і обладнання', NULL),
(80, 'Юридичний відділ', NULL),
(81, 'Відділ моніторингу якості освіти і ліцензування', NULL),
(82, 'Економіко-правничий коледж ЗНУ', NULL),
(83, 'Торговий коледж ЗНУ', NULL),
(84, 'Санаторій-профілакторій', NULL),
(85, 'Приймальна комісія', NULL),
(86, 'Відділ з навчальної роботи', NULL),
(87, 'Редакційно-видавничий відділ', NULL),
(88, 'Прес-центр', NULL),
(89, 'Обласна академічна газета "Запорізький національний університет"', NULL),
(90, 'Служба соціального розвитку', NULL),
(91, 'Наукова бібліотека', NULL),
(92, 'Біологічний факультет', NULL),
(93, 'Історичний факультет', NULL),
(94, 'Математичний факультет', NULL),
(95, 'Факультет менеджменту', NULL),
(96, 'Економічний факультет', NULL),
(97, 'Факультет іноземної філології', NULL),
(98, 'Факультет соціальної педагогіки та психології', NULL),
(99, 'Фізичний факультет', NULL),
(100, 'Факультет фізичного виховання', NULL),
(101, 'Філологічний факультет', NULL),
(102, 'Факультет журналістики', NULL),
(103, 'Юридичний факультет', NULL),
(104, 'Факультет соціології та управління', NULL),
(105, 'Загальноуніверситетська кафедра філософії', NULL),
(106, 'Загальноуніверситетська кафедра фізичного виховання', NULL),
(107, 'Студентська рада', NULL),
(108, 'Нікопольський факультет', NULL),
(109, 'Криворізький факультет', NULL),
(110, 'Кримський факультет', NULL),
(111, 'Економіко-гуманітарний факультет ЗНУ у м. Мелітополі', NULL),
(112, 'Центр незалежних соціологічних досліджень', NULL),
(113, 'Відділ з охорони праці', NULL),
(114, 'Помічник ректора зі зв''язків з громадськістю та ЗМІ', NULL),
(115, 'Ректор', NULL),
(116, 'Центр трансферу технологій', NULL),
(117, 'Рада молодих вчених', NULL),
(118, 'Овечко Наталя Сергіївна', NULL),
(119, 'Романова Наталя Василівна', NULL),
(120, 'Васильєва Світлана Анатоліївна', NULL),
(121, 'Лебедєва Ольга Ігорівна', NULL),
(122, 'Кафедра теорії та практики перекладу з англійської мови', NULL),
(123, 'Кафедра англійської філології', NULL),
(124, 'Кафедра романської філології та перекладу', NULL),
(125, 'Кафедра викладання другої іноземної мови', NULL),
(126, 'Кафедра німецької філології та перекладу', NULL),
(127, 'Кафедра іноземних мов професійного спрямування', NULL),
(128, 'Кафедра соціальної філософії та управління', NULL),
(129, 'Кафедра політології', NULL),
(130, 'Кафедра соціології', NULL),
(131, 'Група дистанційного навчання', NULL),
(132, 'Тестовий підрозділ 1', NULL),
(133, 'Тестовий підрозділ 2', NULL),
(134, 'Група з монтажу та обслуговування комп''ютерних та телефонних мереж', NULL),
(135, 'Навчальна лабораторія інтернет-радіо "УНІВЕРСИТЕТ" та новітніх медіа', NULL),
(136, 'Буличова Вікторія Вікторівна', NULL);

create table deptgroups (
  idDeptGroup int(11) not null primary key auto_increment comment "автоінкрементний ідентифікатор",
  DeptGroupName varchar(255) not null comment "назва групи підрозділів",
  Hidden int(1) null comment "прихована ?"
) engine=InnoDB comment "групи підрозділів або окремих респондентів";

insert into `deptgroups` (`idDeptGroup`, `DeptGroupName`, `Hidden`) values
(1, 'Факультети ЗНУ', NULL),
(2, 'Усі підрозділи (крім відокремлених і ректорату)', NULL),
(3, 'Ректорат', NULL),
(4, 'Відокремлені підрозділи', NULL),
(5, 'Коледжі', NULL),
(6, 'Кафедри факультету соціології та управління', NULL),
(7, 'Кафедри факультету іноземної філології', NULL);

create table periods(
  idPeriod int(11) not null primary key auto_increment comment "автоінкрементний ідентифікатор",
  PeriodName varchar(255) comment "назва значення періодичності"
) engine=InnoDB comment "можливі значення періодичності розсилок";

INSERT INTO `periods` (`idPeriod`, `PeriodName`) VALUES
(1, 'Без періодичності'),
(2, 'Щорічно'),
(3, 'Кожні півроку'),
(4, 'Щомісячно'),
(5, 'Щоквартально (кожні три місяці)');

create table doccategories(
  idCategory int(11) not null primary key auto_increment comment "автоінкрементний ідентифікатор",
  CategoryName varchar(255) not null comment "назва категорії документа",
  CategoryCode varchar(32) null comment "код категорії для розширеного індексу документа"
) engine=InnoDB comment "категорії документів";

insert into doccategories (idCategory,CategoryName,CategoryCode)
values 
(1,"Інші організації", "01-27"),
(2,"Депутатські запити","01-12"),
(3,"Від держадміністрації","01-02"),
(4,"Від міністерств","01-01"),
(5,"Накази",NULL),
(6,"Розпорядження ректора та проректорів",NULL),
(7,"Розпорядження про відрядження",NULL),
(8,"Облік видачі посвідчень про відрядження",NULL),
(9,"Протоколи засідання ректорату",NULL),
(10,"Протоколи наради з господарчих питань",NULL),
(11,"Скарги і заяви громадян","01-14"),
(12,"Звернення співробітників","01-09"),
(13,"Дистанційне навчання",NULL),
(14,"Без категорії",NULL),
(15,"Заяви на участь у конкурсі","01-39"),
(16,"Заяви на звільнення","01-37");

create table doctypes (
  idType int(11) not null primary key auto_increment comment "автоінкрементний ідентифікатор",
  TypeName varchar(255) not null comment "назва типу документа"
) engine=InnoDB comment "типи документів";

INSERT INTO `doctypes` (`idType`, `TypeName`) VALUES
(1, 'без типу'),
(2, 'Електронний документ'),
(3, 'Оригінал'),
(4, 'Факс'),
(5, 'Пошта'),
(6, 'Особисто'),
(7, 'Кур''єр'),
(8, 'Заказна пошта'),
(9, 'Пічікіна'),
(10, 'електронний'),
(11, 'оригінал'),
(12, 'оригінал'),
(13, 'Мати'),
(14, 'навчальний відділ'),
(15, 'аспірантура'),
(16, 'Приймальня ректора'),
(17, 'Посилка'),
(18, 'відділ моніторингу'),
(19, 'Міжнародний відділ'),
(20, 'Викладач української мови Варзар Т.М.'),
(21, 'Місюра А.О.'),
(22, 'Котляренко Н.І.'),
(23, 'Кушнір С.М.'),
(24, 'Власенко А.С.'),
(25, 'Петренко О.І.'),
(26, 'Протас О.І.'),
(27, 'Мелентьєва'),
(28, 'Микитів'),
(29, 'Кулініч О.О.'),
(30, 'Жучкова Е.Н.'),
(31, 'Місюра'),
(32, 'Борисов К.Б.'),
(33, 'Шапочка Н.В.'),
(34, 'Россоха М.'),
(35, 'Погребной Є.Г.'),
(36, 'назва нового типу документа'),
(37, 'Юридичний відділ'),
(38, 'Федорова'),
(39, 'Вертегел В.Л.'),
(40, 'АХЧ'),
(41, 'Комбінат зарчування'),
(42, 'Фельдъегерская служба'),
(43, 'Центр післядипломної роботи'),
(44, 'Копія'),
(45, 'Гура О.І.'),
(46, 'Снєжко В.П.'),
(47, 'назва нового типу документа'),
(48, 'НДЧ'),
(49, 'Секиринський Д.О.'),
(50, 'Хлепітько В.М.'),
(51, 'Вчена рада'),
(52, 'Навчальний відділ'),
(53, 'Шакріс А.Н.'),
(54, 'Міщенко В.Г.'),
(55, 'ЗНТУ'),
(56, 'Деканат історичного факультету'),
(57, 'Каганов Ю.О.'),
(58, 'Власенко А.С.'),
(59, 'Лебедєва О.І.'),
(60, 'Наливайко І.І.'),
(61, 'Дорошенко'),
(62, 'Гненний О.І'),
(63, 'Аристенко'),
(64, 'Котляренко'),
(65, 'Плюта'),
(66, 'Супрун'),
(67, 'Шикула  В.В.'),
(68, 'Пікалова С.С.'),
(69, 'Кулініч О.О.'),
(70, 'Дорошенко'),
(71, 'Власенко'),
(72, 'Смірнова О.І.'),
(73, 'Тришина Т.І.'),
(74, 'Дорошенко '),
(75, 'ЗНТУ'),
(76, 'Гаврилова'),
(77, 'Булавіна'),
(78, 'Габараєв І.С.'),
(79, 'Будко В.О.'),
(80, 'Юридичний відділ'),
(81, 'Співробітники'),
(82, 'відділ організаційної роботи, контролю та режиму '),
(83, 'Відділ трансферу технологій'),
(84, 'Коміссарова Л.Г.'),
(85, 'Гапончук Т.К.'),
(86, 'Микитів Г.В.');


create table eventkinds (
  idKind int(11) not null primary key auto_increment comment "автоінкрементний ідентифікатор",
  KindName varchar(255) not null comment "назва виду заходів",
  KindStyle varchar(255) not null comment "клас стилів"
) engine=InnoDB comment "види заходів";

INSERT INTO `eventkinds` (`idKind`, `KindName`, `KindStyle`) VALUES
(1, 'Прийом гостей', 'warning'),
(2, 'Прийом іноземних гостей', 'important'),
(3, 'Наукові', 'science'),
(4, 'Виховні', 'info'),
(5, 'Культурно-масові', 'cult'),
(6, 'Спортивні', 'success'),
(7, 'Студентське самоврядування', 'red'),
(8, 'Конкурси', 'warning'),
(9, 'Ректорат', 'important'),
(10, 'Оперативна нарада', 'info'),
(11, 'Засідання', 'success'),
(12, 'Вчена рада', 'warning');


create table eventlevels (
  idLevel int(11) not null primary key auto_increment comment "автоінкрементний ідентифікатор",
  LevelName varchar(255) not null comment "назва рівня заходів",
  LevelStyle varchar(255) not null comment "клас стилів"
) engine=InnoDB comment "рівні заходів";

INSERT INTO `eventlevels` (`idLevel`, `LevelName`, `LevelStyle`) VALUES
(1, 'Загальноуніверситетські', 'info'),
(2, 'Факультетські', 'faculty'),
(3, 'Регіональні', 'warning'),
(4, 'Всеукраїнські', 'success'),
(5, 'Міжнародні', 'important'),
(6, 'Коледжівські', 'college'),
(7, 'Міські', 'city'),
(8, 'Міжвузівські', 'vuz'),
(9, 'Обласні', 'warning');

create table documents (
  idDocument int(11) not null primary key auto_increment comment "автоінкрементний ідентифікатор",
  UserID int(11) not null comment "ідентифікатор користувача",
  TypeID int(11) not null comment "ідентифікатор типу документа",
  CategoryID int(11) not null comment "ідентифікатор категорії документа",
  Visible int(1) null comment "видимість документа",
  Created timestamp default current_timestamp comment "дата і час створення",
  DocumentName varchar(255) not null comment "назва документа",
  Summary text null comment "короткий зміст",
  SubmissionIndex int(11) null comment "індекс документа в межах категорії і року надходження", 
  SubmissionDate date null comment "дата надходження",
  ExternalIndex varchar(255) null comment "оригінальні (зовнішні) дата та індекс документа",
  Correspondent varchar(255) null comment "кореспондент",
  Signed varchar(255) null comment "підписано",
  Resolution varchar(255) null comment "резолюція або кому надіслано документ",
  ControlMark varchar(255) null comment "відмітка контролю",
  ControlDate date null comment "дата контролю",
  DoneMark varchar(255) null comment "відмітка виконання"
) engine=InnoDB comment "документи";


create table document_submit (
  DocumentID int(11) not null comment "ідентифікатор документа",
  SubmissionInfo varchar(255) not null comment "дата надходження та індекс документа",
  primary key(DocumentID,SubmissionInfo)
) engine=InnoDB comment "дати надходження та індекси документів";


create table flows (
  idFlow int(11) not null primary key auto_increment comment "автоінкрементний ідентифікатор", 
  UserID int(11) not null comment "ідентифікатор користувача, власника розсилки",
  PeriodID int(11) not null comment "ідентифікатор періодичності розсилки",
  Created timestamp default current_timestamp comment "дата і час створення",
  FlowName varchar(255) not null comment "назва розсилки",
  FlowDescription text null comment "деталі розсилки"
) engine=InnoDB comment "розсилки документів або подій";


create table files (
  idFile int(11) not null primary key auto_increment comment "автоінкрементний ідентифікатор", 
  UserID int(11) not null comment "ідентифікатор користувача, власника файлу",
  Visible int(1) null comment "видимість файлу",
  Created timestamp default current_timestamp comment "дата і час створення",
  FileName varchar(255) null comment "назва файлу",
  FileLocation varchar(255) null comment "назва і шлях до файлу відносно директорії збереження"
) engine=InnoDB comment "файли";


create table answers (
  idAnswer int(11) not null primary key auto_increment comment "автоінкрементний ідентифікатор", 
  UserID int(11) not null comment "ідентифікатор користувача, власника відповіді",
  Created timestamp default current_timestamp comment "дата і час створення",
  AnswerText text null comment "коментар"
) engine=InnoDB comment "відповіді респондентів розсилок";


create table `events` (
  idEvent int(11) not null primary key auto_increment comment "автоінкрементний ідентифікатор", 
  UserID int(11) not null comment "ідентифікатор користувача",
  FileID int(11) null comment "ідентифікатор файлу",
  LevelID int(11) not null comment "ідентифікатор рівня заходу",
  KindID int(11) not null comment "ідентифікатор виду заходу",
  NewsUrl varchar(255) null comment "посилання на зовнішній ресурс (сайт ЗНУ)",
  ExternalID bigint(30) null comment "ідентифікатор події на сайті ЗНУ",
  Created timestamp default current_timestamp comment "дата і час створення",
  EventName varchar(255) not null comment "назва заходу",
  DateSmartField varchar(255) not null comment "правило формування дат",
  StartTime time null default '08:00:00' comment "час початку",
  FinishTime time null default '17:00:00' comment "час закінчення",
  Place varchar(255) null comment "місце заходу",
  Responsible varchar(255) null comment "відповідальні особи",
  Contacts varchar(255) null comment "контактні дані",
  EventDescription text null comment "опис і деталі заходу"
) engine=InnoDB comment "події і заходи";


create table user_department (
  UserID int(11) not null comment "ідентифікатор користувача",
  DepartmentID int(11) not null comment "ідентифікатор підрозділу",
  primary key (UserID,DepartmentID)
) engine=InnoDB comment "взаємовідношення між користувачами та підрозділами (слабка сутність)";

INSERT INTO `user_department` (`UserID`, `DepartmentID`) VALUES
(1, 1),
(2, 1),
(3, 46),
(4, 46),
(5, 46),
(6, 46),
(7, 46),
(8, 71),
(9, 78),
(10, 58),
(11, 95),
(12, 101),
(13, 59),
(14, 113),
(15, 55),
(16, 71),
(17, 66),
(18, 102),
(19, 97),
(20, 56),
(21, 53),
(22, 77),
(23, 67),
(24, 106),
(25, 75),
(26, 112),
(27, 96),
(28, 98),
(29, 51),
(30, 104),
(31, 86),
(32, 80),
(33, 57),
(34, 74),
(35, 87),
(35, 131),
(36, 69),
(37, 103),
(38, 93),
(39, 105),
(40, 76),
(41, 94),
(42, 82),
(43, 99),
(44, 88),
(45, 89),
(46, 92),
(47, 81),
(48, 48),
(49, 49),
(50, 100),
(51, 52),
(52, 73),
(53, 47),
(54, 84),
(55, 50),
(56, 46),
(57, 85),
(58, 62),
(59, 64),
(60, 91),
(60, 131),
(61, 114),
(62, 75),
(63, 83),
(64, 79),
(65, 51),
(66, 117),
(67, 99),
(68, 75),
(68, 131),
(69, 75),
(70, 118),
(71, 119),
(72, 120),
(73, 121),
(74, 122),
(75, 123),
(76, 124),
(77, 125),
(78, 126),
(79, 127),
(80, 130),
(81, 129),
(82, 128),
(83, 108),
(84, 109),
(85, 110),
(86, 79),
(87, 131),
(88, 131),
(89, 131),
(90, 131),
(91, 131),
(92, 131),
(93, 131),
(94, 131),
(95, 131),
(96, 131),
(97, 131),
(98, 131),
(99, 131),
(100, 131),
(101, 131),
(102, 131),
(103, 131),
(104, 131),
(105, 111),
(106, 77),
(107, 132),
(108, 133),
(109, 131),
(110, 59),
(111, 100),
(112, 107),
(113, 100),
(114, 135),
(115, 75),
(116, 74),
(117, 136),
(118, 46);


create table department_deptgroup (
  DepartmentID int(11) not null comment "ідентифікатор підрозділу",
  DeptGroupID int(11) not null comment "ідентифікатор групи підрозділів",
  primary key (DepartmentID,DeptGroupID)
) engine=InnoDB comment "взаємовідношення між підрозділами і групами підрозділів або респондентів (слабка сутність)";

insert into `department_deptgroup` (`DepartmentID`, `DeptGroupID`) values
(46, 2),
(47, 3),
(48, 3),
(49, 3),
(50, 3),
(51, 2),
(52, 3),
(53, 3),
(54, 3),
(55, 2),
(56, 2),
(57, 2),
(58, 2),
(59, 2),
(60, 2),
(61, 2),
(62, 2),
(63, 2),
(64, 2),
(65, 2),
(66, 2),
(67, 2),
(68, 2),
(69, 2),
(70, 2),
(71, 2),
(72, 2),
(73, 2),
(74, 2),
(75, 2),
(76, 2),
(77, 2),
(78, 2),
(79, 2),
(80, 2),
(81, 2),
(82, 2),
(82, 5),
(83, 2),
(83, 5),
(84, 2),
(85, 2),
(86, 2),
(87, 2),
(88, 2),
(89, 2),
(90, 2),
(91, 2),
(92, 1),
(92, 2),
(93, 1),
(93, 2),
(94, 1),
(94, 2),
(95, 1),
(95, 2),
(96, 1),
(96, 2),
(97, 1),
(97, 2),
(98, 1),
(98, 2),
(99, 1),
(99, 2),
(100, 1),
(100, 2),
(101, 1),
(101, 2),
(102, 1),
(102, 2),
(103, 1),
(103, 2),
(104, 1),
(104, 2),
(105, 2),
(106, 2),
(107, 2),
(108, 4),
(109, 4),
(110, 4),
(111, 4),
(112, 2),
(113, 2),
(114, 3),
(115, 3),
(116, 2),
(117, 2),
(122, 7),
(123, 7),
(124, 7),
(125, 7),
(126, 7),
(127, 7),
(128, 6),
(129, 6),
(130, 6),
(131, 2),
(134, 2),
(135, 2);


create table document_file (
  DocumentID int(11) not null comment "ідентифікатор документа",
  FileID int(11) not null comment "ідентифікатор файлу",
  primary key (DocumentID,FileID)
) engine=InnoDB comment "відношення між документами і файлами (слабка сутність)";


create table document_flow (
  DocumentID int(11) not null comment "ідентифікатор документа",
  FlowID int(11) not null comment "ідентифікатор розсилки",
  primary key (DocumentID,FlowID)
) engine=InnoDB comment "відношення між документами і розсилками (слабка сутність)";


create table flow_respondent (
  FlowID int(11) not null comment "ідентифікатор розсилки",
  DeptID int(11) not null comment "ідентифікатор підрозділу або окремого респондента",
  AnswerID int(11) not null comment "ідентифікатор відповіді",
  primary key (FlowID,DeptID,AnswerID)
) engine=InnoDB comment "відношення між розсилками, респондентами і відповідями (слабка сутність)";


create table event_date (
  EventID int(11) not null comment "ідентифікатор заходу",
  EventDate date not null comment "дата заходу",
  primary key(EventID,EventDate)
) engine=InnoDB comment "взаємовідношення між заходами і датами";


create table event_flow (
  EventID int(11) not null comment "ідентифікатор заходу",
  FlowID int(11) not null comment "ідентифікатор розсилки",
  primary key(EventID,FlowID)
) engine=InnoDB comment "відношення між заходами і розсилками (слабка сутність)";


create table event_invited (
  EventID int(11) not null comment "ідентифікатор заходу",
  DeptID int(11) not null comment "ідентифікатор запрошеного підрозділу або -1",
  InvitedComment varchar(255) not null comment "запрошені текстом",
  Seets int(11) null comment "кількість місць",
  primary key(EventID,DeptID,InvitedComment)
) engine=InnoDB comment "відношення між заходами і запрошеними";


create table event_organizer (
  EventID int(11) not null comment "ідентифікатор заходу",
  DeptID int(11) not null comment "ідентифікатор підрозділу організатора або -1",
  OrganizerComment varchar(255) not null comment "організатори текстом",
  primary key(EventID,DeptID,OrganizerComment)
) engine=InnoDB comment "відношення між заходами і організаторами";


